{
  "horizons": [
    1,
    2,
    3,
    4,
    5,
    6,
    7,
    8,
    9,
    10
  ],
  "models": {
    "cairn": {
      "desc_rmse": {
        "1": 0.2881097938090418,
        "3": 0.7640271225754212,
        "5": 1.2070087230562616,
        "10": 1.5561020731219983
      },
      "nondesc_rmse": {
        "1": 0.305726082220438,
        "3": 0.7594458980874884,
        "5": 1.211203020569328,
        "10": 1.5609321952005664
      },
      "nondesc_rmse_no_intervention": {
        "1": 0.305726082220438,
        "3": 0.693098147343508,
        "5": 1.0960992078598335,
        "10": 1.4016003562739316
      },
      "rmse_by_horizon": [
        0.3502533959894705,
        0.6085620334675251,
        0.8599926560479376,
        1.1137143101522844,
        1.3354267956125678,
        1.494470526249875,
        1.6110655998282724,
        1.6864124636116244,
        1.7371049905119245,
        1.7768199616998142
      ]
    },
    "cairn_noinv": {
      "desc_rmse": {
        "1": 0.2796145652470045,
        "3": 0.7448642929859608,
        "5": 1.1590538628262412,
        "10": 1.5570190860166513
      },
      "nondesc_rmse": {
        "1": 0.3055159538663967,
        "3": 0.708636825758899,
        "5": 1.1334110943077418,
        "10": 1.4927239089151492
      },
      "nondesc_rmse_no_intervention": {
        "1": 0.3055159538663967,
        "3": 0.6795115604101444,
        "5": 1.060678210370306,
        "10": 1.3882499915222164
      },
      "rmse_by_horizon": [
        0.34171020823343673,
        0.5893351280750606,
        0.839207931963285,
        1.0858158459536886,
        1.3038398663142003,
        1.4637005606411582,
        1.5823244464308717,
        1.6613800550138675,
        1.7167009123823842,
        1.7591266019079537
      ]
    },
    "cairn_oracle": {
      "desc_rmse": {
        "1": 0.3190546284475404,
        "3": 0.7505821384582194,
        "5": 1.290934045466599,
        "10": 1.7281021556468974
      },
      "nondesc_rmse": {
        "1": 0.44768343575308406,
        "3": 0.8883438994911029,
        "5": 1.3044912838890015,
        "10": 1.6388821698938028
      },
      "nondesc_rmse_no_intervention": {
        "1": 0.44768343575308406,
        "3": 0.8883438994911029,
        "5": 1.3044912838890015,
        "10": 1.6388821698938028
      },
      "rmse_by_horizon": [
        0.4134233957890044,
        0.6708438837405495,
        0.8907590476468051,
        1.130285424534082,
        1.3447043452884588,
        1.4981662620988045,
        1.6126126796474178,
        1.681519987658051,
        1.731938855264947,
        1.7644091073160462
      ]
    },
    "ensemble": {
      "desc_rmse": {
        "1": 0.2929126576459271,
        "3": 0.6961389415176208,
        "5": 1.252255543887192,
        "10": 1.7089759369445807
      },
      "nondesc_rmse": {
        "1": 0.3503233163900468,
        "3": 0.800770681494582,
        "5": 1.2243945062454458,
        "10": 1.6571683429807205
      },
      "nondesc_rmse_no_intervention": {
        "1": 0.3503233163900468,
        "3": 0.7473652335832409,
        "5": 1.1310374597826602,
        "10": 1.4743125398849066
      },
      "rmse_by_horizon": [
        0.37318374669835064,
        0.6071199087105085,
        0.8472460572764193,
        1.1089930719486158,
        1.3296865657602364,
        1.4985463008269533,
        1.6236699501587555,
        1.7114536357020347,
        1.778811535292581,
        1.8223940380750663
      ]
    },
    "monolithic": {
      "desc_rmse": {
        "1": 0.309421569646138,
        "3": 0.6935069490098431,
        "5": 1.2198466495079554,
        "10": 1.713310456800736
      },
      "nondesc_rmse": {
        "1": 0.31500181076950223,
        "3": 0.784163628011878,
        "5": 1.216957842706465,
        "10": 1.7474753170208857
      },
      "nondesc_rmse_no_intervention": {
        "1": 0.31500181076950223,
        "3": 0.7075793554135715,
        "5": 1.0706460705036187,
        "10": 1.4326662798010277
      },
      "rmse_by_horizon": [
        0.36911979916345583,
        0.5916628530796085,
        0.8228484001134403,
        1.063942195803862,
        1.2745951122502137,
        1.4392772144381505,
        1.566151208929394,
        1.6561927000179721,
        1.7219493322534338,
        1.770410305221317
      ]
    }
  }
}