{
  "do_train_nodes": [
    0,
    1,
    2,
    3
  ],
  "horizons": [
    1,
    2,
    3,
    4,
    5,
    6,
    7,
    8,
    9,
    10
  ],
  "models": {
    "cairn": {
      "heldout": {
        "desc_rmse": {
          "1": 0.38879917340238207,
          "3": 0.7845755446927625,
          "5": 1.0803002349378517,
          "10": 1.6108032333984421
        },
        "nondesc_rmse": {
          "1": NaN,
          "3": NaN,
          "5": NaN,
          "10": NaN
        },
        "nondesc_rmse_no_intervention": {
          "1": NaN,
          "3": NaN,
          "5": NaN,
          "10": NaN
        },
        "rmse_by_horizon": [
          0.3960633117135153,
          0.7088655233934816,
          0.8046043696887394,
          0.9741407654818924,
          1.1334354745022004,
          1.269198986762081,
          1.3718923827063898,
          1.4598656402603047,
          1.5107273321939705,
          1.905027850973991
        ]
      },
      "trained": {
        "desc_rmse": {
          "1": 0.29078849172294763,
          "3": 0.8904499483618593,
          "5": 1.2745614807715184,
          "10": 1.7568751036524484
        },
        "nondesc_rmse": {
          "1": 0.3522569899546108,
          "3": 0.7886194436525215,
          "5": 1.2194936893402935,
          "10": 1.5657731752462585
        },
        "nondesc_rmse_no_intervention": {
          "1": 0.3522569899546108,
          "3": 0.8499809929922794,
          "5": 1.313353016326176,
          "10": 1.6648470534944106
        },
        "rmse_by_horizon": [
          0.39275133590778083,
          0.7110584525218505,
          1.0180095362258152,
          1.2869217144419396,
          1.4810307194229575,
          1.6168430946416976,
          1.7411939298355246,
          1.8311026623107687,
          1.8957095808220918,
          1.9548644589793436
        ]
      }
    },
    "cairn_noinv": {
      "heldout": {
        "desc_rmse": {
          "1": 0.34880108084352696,
          "3": 0.762523730981699,
          "5": 1.0309710942768062,
          "10": 1.2884893967598243
        },
        "nondesc_rmse": {
          "1": NaN,
          "3": NaN,
          "5": NaN,
          "10": NaN
        },
        "nondesc_rmse_no_intervention": {
          "1": NaN,
          "3": NaN,
          "5": NaN,
          "10": NaN
        },
        "rmse_by_horizon": [
          0.359190593860332,
          0.6647506530778765,
          0.7844985642262945,
          0.9369524220193113,
          1.0847243623115097,
          1.2145156392162773,
          1.3048723476414466,
          1.364428666465635,
          1.401966361784506,
          1.4192655467781787
        ]
      },
      "trained": {
        "desc_rmse": {
          "1": 0.30911633415700135,
          "3": 0.8791622874881335,
          "5": 1.2468401089482783,
          "10": 1.6996390119279612
        },
        "nondesc_rmse": {
          "1": 0.3384636371895806,
          "3": 0.8013393507009304,
          "5": 1.2313871206267002,
          "10": 1.5412448592261485
        },
        "nondesc_rmse_no_intervention": {
          "1": 0.3384636371895806,
          "3": 0.8449661457444185,
          "5": 1.3020726137336427,
          "10": 1.6235594763915808
        },
        "rmse_by_horizon": [
          0.39677494956034515,
          0.7280840909616892,
          1.03638811211526,
          1.2979605593986214,
          1.4804253418240914,
          1.6040914103802852,
          1.7187805859390612,
          1.7997503052585155,
          1.854498789525051,
          1.9049626108426028
        ]
      }
    },
    "cairn_oracle": {
      "heldout": {
        "desc_rmse": {
          "1": 0.3989259884238817,
          "3": 0.7289066507773339,
          "5": 1.0613002508274048,
          "10": 1.3554005987782103
        },
        "nondesc_rmse": {
          "1": NaN,
          "3": NaN,
          "5": NaN,
          "10": NaN
        },
        "nondesc_rmse_no_intervention": {
          "1": NaN,
          "3": NaN,
          "5": NaN,
          "10": NaN
        },
        "rmse_by_horizon": [
          0.4288439751495591,
          0.61477093138806,
          0.7604019920975598,
          0.9350692888848321,
          1.1008812396004066,
          1.2443822581729682,
          1.3495317253748897,
          1.4175729459322663,
          1.4613183165908723,
          1.481281341839478
        ]
      },
      "trained": {
        "desc_rmse": {
          "1": 0.2889083351456254,
          "3": 0.9970219061926566,
          "5": 1.4110850430206443,
          "10": 1.8021405461072546
        },
        "nondesc_rmse": {
          "1": 0.3280222644092789,
          "3": 0.8100855986783179,
          "5": 1.2177874133484732,
          "10": 1.4717242385007403
        },
        "nondesc_rmse_no_intervention": {
          "1": 0.3280222644092789,
          "3": 0.8100855986783179,
          "5": 1.2177874133484732,
          "10": 1.4717242385007403
        },
        "rmse_by_horizon": [
          0.37326073848823565,
          0.7603733266466632,
          1.0847037372982224,
          1.3413248639921027,
          1.515948896597861,
          1.6262074866077598,
          1.724613734033925,
          1.7891739003608351,
          1.8334219167871322,
          1.870464453496723
        ]
      }
    },
    "ensemble": {
      "heldout": {
        "desc_rmse": {
          "1": 0.36579052672359325,
          "3": 0.6707998442625327,
          "5": 1.0497786410518177,
          "10": 1.3256591805244287
        },
        "nondesc_rmse": {
          "1": NaN,
          "3": NaN,
          "5": NaN,
          "10": NaN
        },
        "nondesc_rmse_no_intervention": {
          "1": NaN,
          "3": NaN,
          "5": NaN,
          "10": NaN
        },
        "rmse_by_horizon": [
          0.3774066871049005,
          0.5503345047031252,
          0.6994414535866162,
          0.9080959926344015,
          1.0892211755013326,
          1.2284042260458743,
          1.3198994006547926,
          1.3843209018945761,
          1.4258845367811501,
          1.4520173452851468
        ]
      },
      "trained": {
        "desc_rmse": {
          "1": 0.2655029330417207,
          "3": 0.8826294343005757,
          "5": 1.19008001149927,
          "10": 1.389423776776586
        },
        "nondesc_rmse": {
          "1": 0.2979974311754741,
          "3": 0.7341229950449325,
          "5": 1.0941289784789296,
          "10": 1.3612831928433895
        },
        "nondesc_rmse_no_intervention": {
          "1": 0.2979974311754741,
          "3": 0.7860997448634257,
          "5": 1.1962060079978063,
          "10": 1.5472263833850717
        },
        "rmse_by_horizon": [
          0.333459593622651,
          0.6479587924030825,
          0.9511510637678856,
          1.1851242572502085,
          1.3426412854817764,
          1.4434019922673444,
          1.5287679812511483,
          1.5909754575565243,
          1.634349239385849,
          1.6695188097888192
        ]
      }
    },
    "monolithic": {
      "heldout": {
        "desc_rmse": {
          "1": 0.3814062372012499,
          "3": 0.7147317383900639,
          "5": 1.0775410445551028,
          "10": 1.3578648651299816
        },
        "nondesc_rmse": {
          "1": NaN,
          "3": NaN,
          "5": NaN,
          "10": NaN
        },
        "nondesc_rmse_no_intervention": {
          "1": NaN,
          "3": NaN,
          "5": NaN,
          "10": NaN
        },
        "rmse_by_horizon": [
          0.40265047127317377,
          0.5892499769076026,
          0.7452498384321864,
          0.9418194587080961,
          1.107960697085998,
          1.2394585348460287,
          1.323667881998016,
          1.3807233835506572,
          1.4137359510614402,
          1.4307428195928587
        ]
      },
      "trained": {
        "desc_rmse": {
          "1": 0.3007614559847142,
          "3": 0.9288429019459774,