{
  "do_train_nodes": [
    0,
    1,
    2,
    3
  ],
  "horizons": [
    1,
    2,
    3,
    4,
    5,
    6,
    7,
    8,
    9,
    10
  ],
  "models": {
    "cairn": {
      "heldout": {
        "desc_rmse": {
          "1": 0.18099244670727094,
          "3": 0.6566153445056389,
          "5": 1.084815189565383,
          "10": 1.6597608937931714
        },
        "nondesc_rmse": {
          "1": 0.20018114744211724,
          "3": 0.7579715166587225,
          "5": 1.3300288195813805,
          "10": 2.102294166987835
        },
        "nondesc_rmse_no_intervention": {
          "1": 0.20018114744211724,
          "3": 0.7386058457691105,
          "5": 1.305810346349123,
          "10": 2.0898197894438635
        },
        "rmse_by_horizon": [
          0.34948928717933103,
          0.6243032528711466,
          1.0245252773849054,
          1.4162905597639253,
          1.7476407766624715,
          2.0393292818611135,
          2.2668539565054195,
          2.447129414442143,
          2.591344575589252,
          2.704788550375401
        ]
      },
      "trained": {
        "desc_rmse": {
          "1": 0.1442223387511611,
          "3": 0.8854662425309714,
          "5": 1.2633407754646993,
          "10": 1.9797184538907215
        },
        "nondesc_rmse": {
          "1": 0.2284183811292319,
          "3": 0.5796757229198757,
          "5": 0.8640009822098523,
          "10": 1.3957532536536763
        },
        "nondesc_rmse_no_intervention": {
          "1": 0.2284183811292319,
          "3": 0.5519901869604189,
          "5": 0.8406404403488767,
          "10": 1.3955146392623965
        },
        "rmse_by_horizon": [
          0.3125985572444092,
          0.6452538038713769,
          0.9897450579301247,
          1.204372652095032,
          1.405353461476589,
          1.5899616533230816,
          1.7581473929374662,
          1.901456734468633,
          2.0179863725492617,
          2.0983941341960453
        ]
      }
    },
    "cairn_noinv": {
      "heldout": {
        "desc_rmse": {
          "1": 0.1898837937207291,
          "3": 0.6491071048235202,
          "5": 1.0820401235987447,
          "10": 1.6833277678626235
        },
        "nondesc_rmse": {
          "1": 0.2319537326087105,
          "3": 0.8094357105011993,
          "5": 1.3822697438429379,
          "10": 2.1314256718164297
        },
        "nondesc_rmse_no_intervention": {
          "1": 0.2319537326087105,
          "3": 0.8149718272424417,
          "5": 1.396538288531402,
          "10": 2.1670572168331095
        },
        "rmse_by_horizon": [
          0.3759324600309334,
          0.6533170885502482,
          1.0648962010504346,
          1.4597025675959832,
          1.7906303734985332,
          2.076509321874401,
          2.298545986409645,
          2.4740975837020187,
          2.6132840959201697,
          2.7243451882976735
        ]
      },
      "trained": {
        "desc_rmse": {
          "1": 0.13667431540387082,
          "3": 0.9115472091254427,
          "5": 1.2419910699172438,
          "10": 1.9038664553572802
        },
        "nondesc_rmse": {
          "1": 0.26077257237321344,
          "3": 0.5953120813380864,
          "5": 0.8961402112668941,
          "10": 1.4463774739212134
        },
        "nondesc_rmse_no_intervention": {
          "1": 0.26077257237321344,
          "3": 0.6052003569013912,
          "5": 0.9079067315685563,
          "10": 1.471554384204442
        },
        "rmse_by_horizon": [
          0.3422465259790436,
          0.6584305652263669,
          1.0031643820060983,
          1.2294593000764789,
          1.44457029270386,
          1.6350719656617507,
          1.8063642114216147,
          1.9492639920730896,
          2.0597999234453233,
          2.1377066921182943
        ]
      }
    },
    "cairn_oracle": {
      "heldout": {
        "desc_rmse": {
          "1": 0.25468474852648054,
          "3": 0.6163213052868703,
          "5": 0.9638799545280706,
          "10": 1.4669924981970572
        },
        "nondesc_rmse": {
          "1": 0.2547407629147972,
          "3": 0.7444333581296693,
          "5": 1.250644377035644,
          "10": 1.956794317507039
        },
        "nondesc_rmse_no_intervention": {
          "1": 0.2547407629147972,
          "3": 0.7444333581296693,
          "5": 1.250644377035644,
          "10": 1.956794317507039
        },
        "rmse_by_horizon": [
          0.41239602322370494,
          0.6876794972717325,
          1.0166975411722508,
          1.3467642919199738,
          1.6399268212702578,
          1.9075389678157786,
          2.113976498725858,
          2.2758759408891285,
          2.3999722683019993,
          2.495206295354785
        ]
      },
      "trained": {
        "desc_rmse": {
          "1": 0.15049213746795778,
          "3": 0.7044455591610314,
          "5": 0.9804738712410089,
          "10": 1.5833116874156936
        },
        "nondesc_rmse": {
          "1": 0.3113645388388011,
          "3": 0.670963177986049,
          "5": 0.9908502158416921,
          "10": 1.524514409377617
        },
        "nondesc_rmse_no_intervention": {
          "1": 0.3113645388388011,
          "3": 0.670963177986049,
          "5": 0.9908502158416921,
          "10": 1.524514409377617
        },
        "rmse_by_horizon": [
          0.37939434692106616,
          0.6837776116620637,
          0.9979500979825027,
          1.1974974218088876,
          1.4031610470288631,
          1.5913523655909625,
          1.765098631275346,
          1.9057328999632737,
          2.0157595547305442,
          2.0967031095823048
        ]
      }
    },
    "ensemble": {
      "heldout": {
        "desc_rmse": {
          "1": 0.16485637549665044,
          "3": 0.7594735069032292,
          "5": 1.1565351850487833,
          "10": 1.6853456903619564
        },
        "nondesc_rmse": {
          "1": 0.23234133987303338,
          "3": 0.7904040113499826,
          "5": 1.3319618462980838,
          "10": 2.0368596570773514
        },
        "nondesc_rmse_no_intervention": {
          "1": 0.23234133987303338,
          "3": 0.7452310786591168,
          "5": 1.3100332416602951,
          "10": 2.0856750783128666
        },
        "rmse_by_horizon": [
          0.34590565007612756,
          0.6281185740779307,
          1.0166988517985085,
          1.388839532611733,
          1.7149322942973046,
          1.9896456015747506,
          2.203675173097955,
          2.380292873366396,
          2.517938721817682,
          2.6279251550365155
        ]
      },
      "trained": {
        "desc_rmse": {
          "1": 0.09397641174725352,
          "3": 1.0886345544256086,
          "5": 1.365701544827016,
          "10": 1.9615947853781455
        },
        "nondesc_rmse": {
          "1": 0.23526788770102952,
          "3": 0.6157563974624857,
          "5": 0.9878769781547656,
          "10": 1.6695535357943379
        },
        "nondesc_rmse_no_intervention": {
          "1": 0.23526788770102952,
          "3": 0.4755689490483003,
          "5": 0.7478500831410292,
          "10": 1.3001610673006765
        },
        "rmse_by_horizon": [
          0.28787805205123973,
          0.6793136972943297,
          1.060916416117748,
          1.3080922437190876,
          1.5210146624703798,
          1.7074979671610981,
          1.8814763398378864,
          2.036523895833954,
          2.1660565121338364,
          2.271561760819878
        ]
      }
    },
    "monolithic": {
      "heldout": {
        "desc_rmse": {
          "1": 0.17611957942656736,
          "3": 0.607437276626313,
          "5": 0.9437887203330686,
          "10": 1.3823277300384933
        },
        "nondesc_rmse": {
          "1": 0.21271774673638044,
          "3": 0.7566196807768393,
          "5": 1.2277749385521677,
          "10": 1.8293014936144285
        },
        "nondesc_rmse_no_intervention": {
          "1": 0.21271774673638044,