{
  "do_train_nodes": [
    0,
    1,
    2,
    3
  ],
  "horizons": [
    1,
    2,
    3,
    4,
    5,
    6,
    7,
    8,
    9,
    10
  ],
  "models": {
    "cairn": {
      "heldout": {
        "desc_rmse": {
          "1": 0.026913585829213195,
          "3": 0.6653541227021121,
          "5": 0.7115691942203153,
          "10": 0.9976852909017928
        },
        "nondesc_rmse": {
          "1": 0.14313581886101867,
          "3": 0.4166972503548389,
          "5": 0.6319554536848467,
          "10": 0.7781725217853763
        },
        "nondesc_rmse_no_intervention": {
          "1": 0.14313581886101867,
          "3": 0.4166972503548389,
          "5": 0.6319554536848467,
          "10": 0.7781725217853763
        },
        "rmse_by_horizon": [
          0.13997352998771007,
          0.4364279508008181,
          0.6491395073523031,
          0.6878732806426093,
          0.7493392970097957,
          0.8096278630132159,
          0.8563956602662098,
          0.8991536822181646,
          0.9330292090634504,
          0.9475490984543693
        ]
      },
      "trained": {
        "desc_rmse": {
          "1": 0.12822121571860165,
          "3": 0.28280788279547653,
          "5": 0.3370707121426707,
          "10": 0.4429420072135316
        },
        "nondesc_rmse": {
          "1": 0.13873286393127376,
          "3": 0.43445622408961015,
          "5": 0.5517288511351961,
          "10": 0.5071281866470883
        },
        "nondesc_rmse_no_intervention": {
          "1": 0.13873286393127376,
          "3": 0.43445622408961015,
          "5": 0.5517288511351961,
          "10": 0.5071281866470883
        },
        "rmse_by_horizon": [
          0.17293498387172718,
          0.30921364001644713,
          0.3844676351896555,
          0.42506817043920025,
          0.4577725864757589,
          0.5046721540996824,
          0.5707514783268836,
          0.6010630350746876,
          0.6389818292045378,
          0.6692048213160119
        ]
      }
    },
    "cairn_noinv": {
      "heldout": {
        "desc_rmse": {
          "1": 0.031179675840324578,
          "3": 1.0025823069338455,
          "5": 2.0439751020930217,
          "10": 10.952682713733818
        },
        "nondesc_rmse": {
          "1": 0.13840553740815964,
          "3": 0.41441478778111135,
          "5": 0.6333108612118201,
          "10": 0.7928569747923365
        },
        "nondesc_rmse_no_intervention": {
          "1": 0.13840553740815964,
          "3": 0.41441478778111135,
          "5": 0.6333108612118201,
          "10": 0.7928569747923365
        },
        "rmse_by_horizon": [
          0.1397603280798991,
          0.5119544669225528,
          0.9549751502784704,
          1.3455419260629087,
          1.8474498597070579,
          2.5214446775704356,
          3.6689880143139253,
          5.4271030424135285,
          7.277945993907083,
          10.55199767480466
        ]
      },
      "trained": {
        "desc_rmse": {
          "1": 0.1224455546157104,
          "3": 0.26968053761431476,
          "5": 0.32997163564208026,
          "10": 0.5490552548063053
        },
        "nondesc_rmse": {
          "1": 0.13310453244877685,
          "3": 0.445555262261365,
          "5": 0.5798402705086072,
          "10": 0.5591937817113248
        },
        "nondesc_rmse_no_intervention": {
          "1": 0.13310453244877685,
          "3": 0.445555262261365,
          "5": 0.5798402705086072,
          "10": 0.5591937817113248
        },
        "rmse_by_horizon": [
          0.1680918367071094,
          0.2995645092236098,
          0.38164504368356145,
          0.42454291129853433,
          0.45652766668958195,
          0.5097377960450254,
          0.5749444621307912,
          0.6104156529113018,
          0.6808237001995947,
          0.8336131921014986
        ]
      }
    },
    "cairn_oracle": {
      "heldout": {
        "desc_rmse": {
          "1": 0.03480276272312682,
          "3": 0.2603792569052496,
          "5": 0.3320122593284502,
          "10": 0.4717003730193753
        },
        "nondesc_rmse": {
          "1": 0.11563697263811033,
          "3": 0.24014089323492302,
          "5": 0.4116011813652218,
          "10": 0.5902930035184312
        },
        "nondesc_rmse_no_intervention": {
          "1": 0.11563697263811033,
          "3": 0.24014089323492302,
          "5": 0.4116011813652218,
          "10": 0.5902930035184312
        },
        "rmse_by_horizon": [
          0.11935806834471062,
          0.17711281904653595,
          0.26139116020391906,
          0.31816809920015776,
          0.3966776755170167,
          0.4569450022955563,
          0.513921910556348,
          0.5478331092135137,
          0.5751273426026117,
          0.5919234005769191
        ]
      },
      "trained": {
        "desc_rmse": {
          "1": 0.08863098343702559,
          "3": 0.3317650422760002,
          "5": 0.3734226865103741,
          "10": 0.5730405339054144
        },
        "nondesc_rmse": {
          "1": 0.14037610847402537,
          "3": 0.25148281179837656,
          "5": 0.3776320859216832,
          "10": 0.5057388985687837
        },
        "nondesc_rmse_no_intervention": {
          "1": 0.14037610847402537,
          "3": 0.25148281179837656,
          "5": 0.3776320859216832,
          "10": 0.5057388985687837
        },
        "rmse_by_horizon": [
          0.1236111717196852,
          0.27124888394352825,
          0.3314414873220369,
          0.389122353948325,
          0.4699706259752543,
          0.5598511008720779,
          0.6522360587371332,
          0.723615654447631,
          0.7834704946696178,
          0.8203871288349986
        ]
      }
    },
    "ensemble": {
      "heldout": {
        "desc_rmse": {
          "1": 0.031674260288364814,
          "3": 0.2571373226195933,
          "5": 0.40324027317712124,
          "10": 0.3702159543101685
        },
        "nondesc_rmse": {
          "1": 0.13024870707559286,
          "3": 0.3550943099452404,
          "5": 0.4517138179412487,
          "10": 0.5109508126269209
        },
        "nondesc_rmse_no_intervention": {
          "1": 0.13024870707559286,
          "3": 0.2899407580073174,
          "5": 0.4056871314264923,
          "10": 0.5035730149142589
        },
        "rmse_by_horizon": [
          0.12682491706439336,
          0.31375376280556827,
          0.3696049200863597,
          0.4311592371531285,
          0.4862247522778671,
          0.5310844682110506,
          0.5739349200806204,
          0.6071564083818279,
          0.6228416041320387,
          0.6317986101869435
        ]
      },
      "trained": {
        "desc_rmse": {
          "1": 0.09933631676531536,
          "3": 0.340124775866381,
          "5": 0.40640060978346293,
          "10": 0.5071913075211204
        },
        "nondesc_rmse": {
          "1": 0.11518426918408312,
          "3": 0.258062530199929,
          "5": 0.293322543363976,
          "10": 0.23991425396845617
        },
        "nondesc_rmse_no_intervention": {
          "1": 0.11518426918408312,
          "3": 0.19147426545348292,
          "5": 0.22746510615293009,
          "10": 0.21087375957371407
        },
        "rmse_by_horizon": [
          0.13067733632543263,
          0.30672768688584806,
          0.37176968922987125,
          0.42089992308363217,
          0.44973374343803235,
          0.458367786169202,
          0.48116881963392527,
          0.5143872736097651,
          0.5627300744954625,
          0.6134076598779686
        ]
      }
    },
    "monolithic": {
      "heldout": {
        "desc_rmse": {
          "1": 0.03139705538931773,
          "3": 0.25053974493024667,
          "5": 0.4042524817584323,
          "10": 0.4776064431914403
        },
        "nondesc_rmse": {
          "1": 0.13963746211573994,
          "3": 0.44837615099965106,
          "5": 0.6114044995602993,
          "10": 0.7068204038923759
        },