{
  "do_train_nodes": [
    0,
    1,
    2,
    3
  ],
  "horizons": [
    1,
    2,
    3,
    4,
    5,
    6,
    7,
    8,
    9,
    10
  ],
  "models": {
    "cairn": {
      "heldout": {
        "desc_rmse": {
          "1": 0.4541792546926473,
          "3": 1.5302740757665556,
          "5": 1.866496689058049,
          "10": 2.1559587337996926
        },
        "nondesc_rmse": {
          "1": 0.18988655924861378,
          "3": 0.6571888580424696,
          "5": 0.9842961120450399,
          "10": 1.1575534474414966
        },
        "nondesc_rmse_no_intervention": {
          "1": 0.18988655924861378,
          "3": 0.396707074791176,
          "5": 0.6785444478952031,
          "10": 0.8846119632538784
        },
        "rmse_by_horizon": [
          0.4525639434458376,
          0.869023802032018,
          1.2160639761865581,
          1.448204144273471,
          1.5735399638841818,
          1.6907261119598194,
          1.8040687313003252,
          1.8856391989497425,
          1.9424663889026834,
          1.9542315121144227
        ]
      },
      "trained": {
        "desc_rmse": {
          "1": 0.19877652785016436,
          "3": 1.5012554649779086,
          "5": 1.4606076528171632,
          "10": 1.2506860050116746
        },
        "nondesc_rmse": {
          "1": 0.21100508663140474,
          "3": 0.5370234230512356,
          "5": 0.8898807285582563,
          "10": 1.2690757311026322
        },
        "nondesc_rmse_no_intervention": {
          "1": 0.21100508663140474,
          "3": 0.4701910499589263,
          "5": 0.7795124848639218,
          "10": 1.1026881430756452
        },
        "rmse_by_horizon": [
          0.31667119656978404,
          0.9794331902454345,
          1.2011055568660238,
          1.2376262251351444,
          1.2597943439514678,
          1.326673211383074,
          1.379593931641649,
          1.4165613496569438,
          1.4113983389979874,
          1.4015227526786773
        ]
      }
    },
    "cairn_noinv": {
      "heldout": {
        "desc_rmse": {
          "1": 0.45563099039698013,
          "3": 1.5071901570505293,
          "5": 1.8347162272599684,
          "10": 2.169749857485345
        },
        "nondesc_rmse": {
          "1": 0.19350475394488317,
          "3": 0.6526402307853151,
          "5": 0.9436657143088228,
          "10": 1.0991264853240577
        },
        "nondesc_rmse_no_intervention": {
          "1": 0.19350475394488317,
          "3": 0.3964818524048661,
          "5": 0.6558740981659027,
          "10": 0.8608938010460597
        },
        "rmse_by_horizon": [
          0.44369970806214176,
          0.8826899756860888,
          1.2001575209191953,
          1.410881482650239,
          1.5218270546205608,
          1.6353559205180979,
          1.7479677740609287,
          1.8231828652420827,
          1.8849591560302728,
          1.9040196563060303
        ]
      },
      "trained": {
        "desc_rmse": {
          "1": 0.18896174346338954,
          "3": 1.296661720395743,
          "5": 1.3021877382478932,
          "10": 1.1839728729336307
        },
        "nondesc_rmse": {
          "1": 0.24025343133124963,
          "3": 0.5887198753536916,
          "5": 0.9693216212955935,
          "10": 1.3610965254998895
        },
        "nondesc_rmse_no_intervention": {
          "1": 0.24025343133124963,
          "3": 0.5252223127504024,
          "5": 0.8411659645639724,
          "10": 1.1624350860764352
        },
        "rmse_by_horizon": [
          0.3114299976644804,
          0.7971081252784433,
          1.02000256574966,
          1.1354557724889864,
          1.2178614119487468,
          1.3002403764022417,
          1.360530140503374,
          1.4007816610123671,
          1.4057981754655338,
          1.4070493430211686
        ]
      }
    },
    "cairn_oracle": {
      "heldout": {
        "desc_rmse": {
          "1": 0.4097272955543555,
          "3": 1.4168900228085184,
          "5": 1.742534649647832,
          "10": 2.1387656127588297
        },
        "nondesc_rmse": {
          "1": 0.18072359882838027,
          "3": 0.44434071450030843,
          "5": 0.6840278742007557,
          "10": 0.8701277027380545
        },
        "nondesc_rmse_no_intervention": {
          "1": 0.18072359882838027,
          "3": 0.44434071450030843,
          "5": 0.6840278742007557,
          "10": 0.8701277027380545
        },
        "rmse_by_horizon": [
          0.3979183388332088,
          0.7717573208988783,
          1.0531623886853048,
          1.2403134535993858,
          1.353716945893055,
          1.4757518856377736,
          1.588090579040662,
          1.6866167133348324,
          1.7679312868955683,
          1.7922473714569083
        ]
      },
      "trained": {
        "desc_rmse": {
          "1": 0.1524162188122593,
          "3": 1.3479443775449298,
          "5": 1.5347255764432717,
          "10": 1.759203003804422
        },
        "nondesc_rmse": {
          "1": 0.15926577889776564,
          "3": 0.4627546662331854,
          "5": 0.7913749470780064,
          "10": 1.1264512243916023
        },
        "nondesc_rmse_no_intervention": {
          "1": 0.15926577889776564,
          "3": 0.4627546662331854,
          "5": 0.7913749470780064,
          "10": 1.1264512243916023
        },
        "rmse_by_horizon": [
          0.2354647759503838,
          0.6575339694191907,
          0.9789488284961303,
          1.1520985006129794,
          1.2663917557306084,
          1.3769841473410727,
          1.4334272756439124,
          1.4761433246672622,
          1.4712100828589296,
          1.4617319506327457
        ]
      }
    },
    "ensemble": {
      "heldout": {
        "desc_rmse": {
          "1": 0.48378630874829387,
          "3": 1.399027351948348,
          "5": 1.8180720405056707,
          "10": 2.3939447044548214
        },
        "nondesc_rmse": {
          "1": 0.19220648236389115,
          "3": 0.652122606881249,
          "5": 1.0459734916939476,
          "10": 1.2912025206593754
        },
        "nondesc_rmse_no_intervention": {
          "1": 0.19220648236389115,
          "3": 0.4258347259059397,
          "5": 0.6417151292921495,
          "10": 0.8029496033575046
        },
        "rmse_by_horizon": [
          0.44004001218059163,
          0.7752874322282733,
          1.0997362038994383,
          1.342191445470295,
          1.5139400162948926,
          1.6656619737933194,
          1.8173933978433356,
          1.9580006094427642,
          2.085656574443044,
          2.1463850647995177
        ]
      },
      "trained": {
        "desc_rmse": {
          "1": 0.18932774621763812,
          "3": 1.5157341561970663,
          "5": 2.256435165126732,
          "10": 3.7835880964921365
        },
        "nondesc_rmse": {
          "1": 0.2127408067576343,
          "3": 0.6847646419996841,
          "5": 1.193836891502685,
          "10": 2.0035987467581275
        },
        "nondesc_rmse_no_intervention": {
          "1": 0.2127408067576343,
          "3": 0.509147276390772,
          "5": 0.7992113486974096,
          "10": 1.041990315275857
        },
        "rmse_by_horizon": [
          0.3117124294329776,
          0.6974773841121978,
          1.1476510594407108,
          1.5465316297949365,
          1.8480673524958788,
          2.2236411125595135,
          2.5660159990328855,
          2.937993311217833,
          3.2146769802619457,
          3.3727574842117893
        ]
      }
    },
    "monolithic": {
      "heldout": {
        "desc_rmse": {
          "1": 0.478437337987746,
          "3": 1.3786411438105801,
          "5": 1.7977825379325654,
          "10": 2.6208824704568925
        },
        "nondesc_rmse": {
          "1": 0.13356779229262403,
          "3": 0.7349776562688213,
          "5": 1.0923705126947005,
          "10": 1.5917093681365682
        },