{
  "checkpoints": [
    25,
    50,
    100,
    200,
    400
  ],
  "scenarios": [
    {
      "S": [
        1
      ],
      "gain": -1.0,
      "methods": {
        "cairn_full_ft": {
          "rmse_curve": [
            0.8191123604774475,
            0.48863816261291504,
            0.4589442014694214,
            0.43453460931777954,
            0.32743149995803833,
            0.2558799088001251
          ],
          "rmse_curve_all_nodes": [
            0.34675201773643494,
            1.8992301225662231,
            2.4973995685577393,
            2.8243372440338135,
            0.7700731158256531,
            0.6812215447425842
          ],
          "samples_to_recovery": null
        },
        "cairn_local": {
          "refit_nodes": [
            1
          ],
          "rmse_curve": [
            0.8191123604774475,
            0.8191123604774475,
            0.540916383266449,
            0.5413436889648438,
            0.3578285574913025,
            0.359773725271225
          ],
          "rmse_curve_all_nodes": [
            0.34675201773643494,
            0.34675201773643494,
            0.27007898688316345,
            0.2701859772205353,
            0.22885365784168243,
            0.22923454642295837
          ],
          "samples_to_recovery": null
        },
        "monolithic_ft": {
          "rmse_curve": [
            0.7426964640617371,
            0.9722652435302734,
            5.0256853103637695,
            4.656393051147461,
            0.6926388740539551,
            0.6937893629074097
          ],
          "rmse_curve_all_nodes": [
            0.3321024775505066,
            1.45572829246521,
            3.31002140045166,
            3.1761679649353027,
            0.9674167037010193,
            1.1629509925842285
          ],
          "samples_to_recovery": null
        }
      },
      "pre_shift_rmse": 0.20795774459838867,
      "recovery_threshold": 0.22875351905822755
    },
    {
      "S": [
        3,
        5
      ],
      "gain": -1.0,
      "methods": {
        "cairn_full_ft": {
          "rmse_curve": [
            1.4950547218322754,
            0.5761738419532776,
            2.5839810371398926,
            2.151707649230957,
            1.3180465698242188,
            1.4602911472320557
          ],
          "rmse_curve_all_nodes": [
            0.7714071273803711,
            0.8283162713050842,
            1.551817774772644,
            1.9148205518722534,
            1.6223955154418945,
            1.0387294292449951
          ],
          "samples_to_recovery": null
        },
        "cairn_local": {
          "refit_nodes": [
            1,
            3,
            5
          ],
          "rmse_curve": [
            1.4950547218322754,
            1.5721275806427002,
            1.5712246894836426,
            1.30411958694458,
            1.3120663166046143,
            0.448635458946228
          ],
          "rmse_curve_all_nodes": [
            0.7714071273803711,
            0.8088065981864929,
            0.8083678483963013,
            0.7931910157203674,
            0.8017668724060059,
            0.33053889870643616
          ],
          "samples_to_recovery": null
        },
        "monolithic_ft": {
          "rmse_curve": [
            1.4596253633499146,
            1.4946972131729126,
            1.1788997650146484,
            1.4132214784622192,
            2.1075642108917236,
            2.32979416847229
          ],
          "rmse_curve_all_nodes": [
            0.8015140891075134,
            1.3425031900405884,
            2.507221221923828,
            2.9358460903167725,
            2.3958303928375244,
            2.26011061668396
          ],
          "samples_to_recovery": null
        }
      },
      "pre_shift_rmse": 0.2032083123922348,
      "recovery_threshold": 0.2235291436314583
    }
  ]
}