{
  "checkpoints": [
    25,
    50,
    100,
    200,
    400
  ],
  "scenarios": [
    {
      "S": [
        1
      ],
      "gain": -1.0,
      "methods": {
        "cairn_full_ft": {
          "rmse_curve": [
            1.645689606666565,
            1.4513907432556152,
            0.9399933218955994,
            0.9746344089508057,
            1.3634287118911743,
            0.5484429597854614
          ],
          "rmse_curve_all_nodes": [
            0.61662358045578,
            5.8387250900268555,
            5.171918869018555,
            6.614148139953613,
            2.184235095977783,
            0.5092884302139282
          ],
          "samples_to_recovery": null
        },
        "cairn_local": {
          "refit_nodes": [
            1
          ],
          "rmse_curve": [
            1.645689606666565,
            1.145288348197937,
            1.1400970220565796,
            0.8643180131912231,
            0.9148427248001099,
            0.9285219311714172
          ],
          "rmse_curve_all_nodes": [
            0.61662358045578,
            0.4534849226474762,
            0.45184680819511414,
            0.36751675605773926,
            0.3824983835220337,
            0.3865966796875
          ],
          "samples_to_recovery": null
        },
        "monolithic_ft": {
          "rmse_curve": [
            1.218351125717163,
            1.0169488191604614,
            1.1345192193984985,
            2.3840136528015137,
            3.8001747131347656,
            1.478176474571228
          ],
          "rmse_curve_all_nodes": [
            0.49577596783638,
            1.3541351556777954,
            2.665818929672241,
            4.305424213409424,
            2.011216163635254,
            0.9022813439369202
          ],
          "samples_to_recovery": null
        }
      },
      "pre_shift_rmse": 0.19301563501358032,
      "recovery_threshold": 0.21231719851493838
    },
    {
      "S": [
        3,
        5
      ],
      "gain": -1.0,
      "methods": {
        "cairn_full_ft": {
          "rmse_curve": [
            2.573683023452759,
            1.6781190633773804,
            3.516613245010376,
            2.8027329444885254,
            0.4524012506008148,
            0.4398548901081085
          ],
          "rmse_curve_all_nodes": [
            1.2991575002670288,
            1.0358244180679321,
            1.8497077226638794,
            1.5131502151489258,
            0.5627589821815491,
            0.4013342261314392
          ],
          "samples_to_recovery": null
        },
        "cairn_local": {
          "refit_nodes": [
            3,
            5
          ],
          "rmse_curve": [
            2.573683023452759,
            1.6163853406906128,
            1.618801474571228,
            1.6204071044921875,
            2.0720839500427246,
            2.2097883224487305
          ],
          "rmse_curve_all_nodes": [
            1.2991575002670288,
            0.8276621103286743,
            0.8288418054580688,
            0.8296257853507996,
            1.051300287246704,
            1.1192141771316528
          ],
          "samples_to_recovery": null
        },
        "monolithic_ft": {
          "rmse_curve": [
            1.7824931144714355,
            1.6679850816726685,
            2.6365861892700195,
            2.062666177749634,
            2.737963914871216,
            1.451427936553955
          ],
          "rmse_curve_all_nodes": [
            0.9355639219284058,
            1.74651300907135,
            3.2492940425872803,
            6.185216426849365,
            3.1409289836883545,
            1.5308129787445068
          ],
          "samples_to_recovery": null
        }
      },
      "pre_shift_rmse": 0.20319688320159912,
      "recovery_threshold": 0.22351657152175905
    }
  ]
}