{
  "checkpoints": [
    25,
    50,
    100,
    200,
    400
  ],
  "scenarios": [
    {
      "S": [
        1
      ],
      "gain": -1.0,
      "methods": {
        "cairn_full_ft": {
          "rmse_curve": [
            3.8526041507720947,
            1.0524431467056274,
            0.7783164978027344,
            1.0261887311935425,
            0.39714449644088745,
            0.407073974609375
          ],
          "rmse_curve_all_nodes": [
            1.3753619194030762,
            4.2937822341918945,
            6.805054187774658,
            7.094124794006348,
            2.0584592819213867,
            0.39243221282958984
          ],
          "samples_to_recovery": null
        },
        "cairn_local": {
          "refit_nodes": [
            1
          ],
          "rmse_curve": [
            3.8526041507720947,
            0.8339924216270447,
            0.8327964544296265,
            0.8326073884963989,
            0.6637734770774841,
            0.6640769243240356
          ],
          "rmse_curve_all_nodes": [
            1.3753619194030762,
            0.35106077790260315,
            0.35070571303367615,
            0.3506495952606201,
            0.30228322744369507,
            0.3023665249347687
          ],
          "samples_to_recovery": null
        },
        "monolithic_ft": {
          "rmse_curve": [
            1.9666270017623901,
            1.6283743381500244,
            1.4447462558746338,
            2.4144504070281982,
            1.8543483018875122,
            0.9595355987548828
          ],
          "rmse_curve_all_nodes": [
            0.735992968082428,
            1.3749773502349854,
            2.5530147552490234,
            3.2564518451690674,
            1.531050205230713,
            1.0858737230300903
          ],
          "samples_to_recovery": null
        }
      },
      "pre_shift_rmse": 0.20184220373630524,
      "recovery_threshold": 0.22202642410993578
    },
    {
      "S": [
        3,
        5
      ],
      "gain": -1.0,
      "methods": {
        "cairn_full_ft": {
          "rmse_curve": [
            3.003890037536621,
            6.665868282318115,
            12.295587539672852,
            11.364665031433105,
            2.0069096088409424,
            1.844511866569519
          ],
          "rmse_curve_all_nodes": [
            1.512590765953064,
            3.520014524459839,
            6.270593643188477,
            5.8195037841796875,
            1.6160756349563599,
            1.553918719291687
          ],
          "samples_to_recovery": null
        },
        "cairn_local": {
          "refit_nodes": [
            3,
            5
          ],
          "rmse_curve": [
            3.003890037536621,
            9.604052543640137,
            9.622167587280273,
            9.633149147033691,
            9.628385543823242,
            9.576952934265137
          ],
          "rmse_curve_all_nodes": [
            1.512590765953064,
            4.805366516113281,
            4.814417839050293,
            4.8199052810668945,
            4.8175249099731445,
            4.791826248168945
          ],
          "samples_to_recovery": null
        },
        "monolithic_ft": {
          "rmse_curve": [
            1.9441664218902588,
            2.0397918224334717,
            1.4296013116836548,
            1.4721581935882568,
            2.1978816986083984,
            2.881577968597412
          ],
          "rmse_curve_all_nodes": [
            1.0310102701187134,
            2.088618516921997,
            2.9349327087402344,
            2.3799753189086914,
            2.720205068588257,
            2.854187250137329
          ],
          "samples_to_recovery": null
        }
      },
      "pre_shift_rmse": 0.21153539419174194,
      "recovery_threshold": 0.23268893361091617
    }
  ]
}