{
  "horizons": [
    1,
    5,
    10,
    15
  ],
  "nominal": {
    "cairn": {
      "cov80": {
        "1": 0.9114583333333334,
        "5": 0.86328125,
        "10": 0.85546875,
        "15": 0.8671875
      },
      "cov90": {
        "1": 0.9635416666666666,
        "5": 0.9466145833333334,
        "10": 0.9270833333333334,
        "15": 0.94140625
      }
    },
    "ensemble": {
      "cov80": {
        "1": 0.7708333333333334,
        "5": 0.7526041666666666,
        "10": 0.7643229166666666,
        "15": 0.7799479166666666
      },
      "cov90": {
        "1": 0.8802083333333334,
        "5": 0.8411458333333334,
        "10": 0.859375,
        "15": 0.87890625
      }
    }
  },
  "shift": {
    "ensemble": {
      "cov80": {
        "1": 0.7057291666666666,
        "5": 0.68359375,
        "10": 0.7252604166666666,
        "15": 0.6888020833333334
      },
      "cov90": {
        "1": 0.8059895833333334,
        "5": 0.7591145833333334,
        "10": 0.8229166666666666,
        "15": 0.78515625
      }
    },
    "post_adapt": {
      "cov80": {
        "1": 0.8515625,
        "5": 0.8515625,
        "10": 0.8307291666666666,
        "15": 0.8177083333333334
      },
      "cov80_shifted_node": {
        "1": 0.4791666666666667,
        "5": 0.6458333333333334,
        "10": 0.6458333333333334,
        "15": 0.71875
      },
      "cov90": {
        "1": 0.9231770833333334,
        "5": 0.9283854166666666,
        "10": 0.8919270833333334,
        "15": 0.8997395833333334
      },
      "cov90_shifted_node": {
        "1": 0.6354166666666666,
        "5": 0.7708333333333334,
        "10": 0.7395833333333334,
        "15": 0.8020833333333334
      }
    },
    "pre_adapt_inflated": {
      "cov80": {
        "1": 0.8580729166666666,
        "5": 0.8424479166666666,
        "10": 0.8658854166666666,
        "15": 0.859375
      },
      "cov80_shifted_node": {
        "1": 0.65625,
        "5": 0.65625,
        "10": 0.8854166666666666,
        "15": 0.9270833333333334
      },
      "cov90": {
        "1": 0.9244791666666666,
        "5": 0.9114583333333334,
        "10": 0.9348958333333334,
        "15": 0.9283854166666666
      },
      "cov90_shifted_node": {
        "1": 0.7708333333333334,
        "5": 0.7708333333333334,
        "10": 0.9375,
        "15": 0.96875
      }
    },
    "pre_adapt_no_inflation": {
      "cov80": {
        "1": 0.8190104166666666,
        "5": 0.7916666666666666,
        "10": 0.8177083333333334,
        "15": 0.78125
      },
      "cov80_shifted_node": {
        "1": 0.34375,
        "5": 0.4375,
        "10": 0.625,
        "15": 0.5729166666666666
      },
      "cov90": {
        "1": 0.8802083333333334,
        "5": 0.84765625,
        "10": 0.8958333333333334,
        "15": 0.8684895833333334
      },
      "cov90_shifted_node": {
        "1": 0.4166666666666667,
        "5": 0.4895833333333333,
        "10": 0.7916666666666666,
        "15": 0.71875
      }
    }
  }
}