{
  "horizons": [
    1,
    5,
    10,
    15
  ],
  "nominal": {
    "cairn": {
      "cov80": {
        "1": 0.8763020833333334,
        "5": 0.8997395833333334,
        "10": 0.8671875,
        "15": 0.8528645833333334
      },
      "cov90": {
        "1": 0.953125,
        "5": 0.95703125,
        "10": 0.9348958333333334,
        "15": 0.92578125
      }
    },
    "ensemble": {
      "cov80": {
        "1": 0.76953125,
        "5": 0.78125,
        "10": 0.7734375,
        "15": 0.7486979166666666
      },
      "cov90": {
        "1": 0.8841145833333334,
        "5": 0.87890625,
        "10": 0.875,
        "15": 0.8567708333333334
      }
    }
  },
  "shift": {
    "ensemble": {
      "cov80": {
        "1": 0.71484375,
        "5": 0.5260416666666666,
        "10": 0.54296875,
        "15": 0.5455729166666666
      },
      "cov90": {
        "1": 0.8020833333333334,
        "5": 0.6080729166666666,
        "10": 0.6419270833333334,
        "15": 0.6263020833333334
      }
    },
    "post_adapt": {
      "cov80": {
        "1": 0.8372395833333334,
        "5": 0.859375,
        "10": 0.84765625,
        "15": 0.8606770833333334
      },
      "cov80_shifted_node": {
        "1": 0.6875,
        "5": 0.84375,
        "10": 0.8958333333333334,
        "15": 0.8854166666666666
      },
      "cov90": {
        "1": 0.9127604166666666,
        "5": 0.9296875,
        "10": 0.9270833333333334,
        "15": 0.9309895833333334
      },
      "cov90_shifted_node": {
        "1": 0.71875,
        "5": 0.9270833333333334,
        "10": 0.9583333333333334,
        "15": 0.9375
      }
    },
    "pre_adapt_inflated": {
      "cov80": {
        "1": 0.87890625,
        "5": 0.8684895833333334,
        "10": 0.76171875,
        "15": 0.7174479166666666
      },
      "cov80_shifted_node": {
        "1": 0.9583333333333334,
        "5": 0.78125,
        "10": 0.5729166666666666,
        "15": 0.5729166666666666
      },
      "cov90": {
        "1": 0.9583333333333334,
        "5": 0.9375,
        "10": 0.8606770833333334,
        "15": 0.8450520833333334
      },
      "cov90_shifted_node": {
        "1": 1.0,
        "5": 0.9375,
        "10": 0.7604166666666666,
        "15": 0.75
      }
    },
    "pre_adapt_no_inflation": {
      "cov80": {
        "1": 0.796875,
        "5": 0.65234375,
        "10": 0.65625,
        "15": 0.6393229166666666
      },
      "cov80_shifted_node": {
        "1": 0.3020833333333333,
        "5": 0.3333333333333333,
        "10": 0.40625,
        "15": 0.4791666666666667
      },
      "cov90": {
        "1": 0.8919270833333334,
        "5": 0.70703125,
        "10": 0.7174479166666666,
        "15": 0.7265625
      },
      "cov90_shifted_node": {
        "1": 0.46875,
        "5": 0.40625,
        "10": 0.4791666666666667,
        "15": 0.6145833333333334
      }
    }
  }
}