{
  "horizons": [
    1,
    5,
    10,
    15
  ],
  "nominal": {
    "cairn": {
      "cov80": {
        "1": 0.8619791666666666,
        "5": 0.87890625,
        "10": 0.8385416666666666,
        "15": 0.8138020833333334
      },
      "cov90": {
        "1": 0.9270833333333334,
        "5": 0.9479166666666666,
        "10": 0.9205729166666666,
        "15": 0.9127604166666666
      }
    },
    "ensemble": {
      "cov80": {
        "1": 0.7981770833333334,
        "5": 0.7942708333333334,
        "10": 0.7721354166666666,
        "15": 0.7526041666666666
      },
      "cov90": {
        "1": 0.8841145833333334,
        "5": 0.8763020833333334,
        "10": 0.859375,
        "15": 0.85546875
      }
    }
  },
  "shift": {
    "ensemble": {
      "cov80": {
        "1": 0.7122395833333334,
        "5": 0.6783854166666666,
        "10": 0.6705729166666666,
        "15": 0.68359375
      },
      "cov90": {
        "1": 0.7942708333333334,
        "5": 0.7630208333333334,
        "10": 0.7643229166666666,
        "15": 0.7669270833333334
      }
    },
    "post_adapt": {
      "cov80": {
        "1": 0.765625,
        "5": 0.8385416666666666,
        "10": 0.83203125,
        "15": 0.8098958333333334
      },
      "cov80_shifted_node": {
        "1": 0.08333333333333333,
        "5": 0.5729166666666666,
        "10": 0.8020833333333334,
        "15": 0.8541666666666666
      },
      "cov90": {
        "1": 0.8268229166666666,
        "5": 0.91015625,
        "10": 0.9244791666666666,
        "15": 0.89453125
      },
      "cov90_shifted_node": {
        "1": 0.10416666666666667,
        "5": 0.6666666666666666,
        "10": 0.8854166666666666,
        "15": 0.8958333333333334
      }
    },
    "pre_adapt_inflated": {
      "cov80": {
        "1": 0.8372395833333334,
        "5": 0.84375,
        "10": 0.796875,
        "15": 0.8033854166666666
      },
      "cov80_shifted_node": {
        "1": 0.5833333333333334,
        "5": 0.6979166666666666,
        "10": 0.7604166666666666,
        "15": 0.7916666666666666
      },
      "cov90": {
        "1": 0.92578125,
        "5": 0.9205729166666666,
        "10": 0.8919270833333334,
        "15": 0.8997395833333334
      },
      "cov90_shifted_node": {
        "1": 0.75,
        "5": 0.8333333333333334,
        "10": 0.875,
        "15": 0.8958333333333334
      }
    },
    "pre_adapt_no_inflation": {
      "cov80": {
        "1": 0.7747395833333334,
        "5": 0.7786458333333334,
        "10": 0.7317708333333334,
        "15": 0.7447916666666666
      },
      "cov80_shifted_node": {
        "1": 0.08333333333333333,
        "5": 0.19791666666666666,
        "10": 0.2708333333333333,
        "15": 0.3333333333333333
      },
      "cov90": {
        "1": 0.8502604166666666,
        "5": 0.8489583333333334,
        "10": 0.8190104166666666,
        "15": 0.8424479166666666
      },
      "cov90_shifted_node": {
        "1": 0.14583333333333334,
        "5": 0.2604166666666667,
        "10": 0.3125,
        "15": 0.4375
      }
    }
  }
}