{
  "conditions": {
    "nominal": {
      "cairn": {
        "mean_return": -165.29190825141524,
        "returns": [
          -146.3545181549917,
          -177.32359647443639,
          -324.2985937150309,
          -114.09369580101107,
          -124.06914977723979,
          -105.6118955857816
        ],
        "sem": 30.58176152790728
      },
      "monolithic": {
        "mean_return": -174.45321807980517,
        "returns": [
          -145.54228240994857,
          -179.35069292632434,
          -375.4993949362916,
          -114.36333648822206,
          -125.02438424441019,
          -106.93921747363427
        ],
        "sem": 37.96618980226431
      }
    },
    "shift_post_adapt": {
      "cairn": {
        "mean_return": -397.77934716013465,
        "returns": [
          -93.81841125126107,
          -181.4379565542065,
          -106.89831447427092,
          -86.67874608625111,
          -1684.3676203975456,
          -233.47503419727266
        ],
        "sem": 235.87287649065053
      }
    },
    "shift_pre_adapt": {
      "cairn": {
        "mean_return": -458.7563181674755,
        "returns": [
          -200.36982301176465,
          -224.35822438686498,
          -244.47008531395673,
          -182.77524479560984,
          -1718.6318059922746,
          -181.9327255043823
        ],
        "sem": 230.19965585295938
      },
      "monolithic": {
        "mean_return": -449.9364758185512,
        "returns": [
          -175.8016325226281,
          -200.81638769131354,
          -234.1199270660918,
          -167.13015853347113,
          -1747.7592853920075,
          -173.9914637057952
        ],
        "sem": 237.12728773500908
      }
    }
  },
  "episodes": 6,
  "goal": [
    1.5697427988052368,
    -3.239250898361206,
    0.6904261112213135,
    -3.3912758827209473,
    0.9673633575439453,
    3.062903642654419,
    -2.5622329711914062,
    -3.7644877433776855
  ]
}