{
  "conditions": {
    "nominal": {
      "cairn": {
        "mean_return": -933.8347162022941,
        "returns": [
          -1680.3318635773944,
          -170.15192169742235,
          -884.7383205521669,
          -157.81414497922773,
          -2606.3316895569224,
          -103.64035685063033
        ],
        "sem": 381.2099372345335
      },
      "monolithic": {
        "mean_return": -989.8420955587148,
        "returns": [
          -1507.3551366815213,
          -90.98463856037964,
          -1857.9826740101753,
          -113.53105651287962,
          -2289.6429527741852,
          -79.55611481314799
        ],
        "sem": 376.9562460611056
      }
    },
    "shift_post_adapt": {
      "cairn": {
        "mean_return": -1371.6961452826772,
        "returns": [
          -2030.4768823210516,
          -1148.1608546235857,
          -850.9001812419563,
          -1108.371137708597,
          -1964.1697002229791,
          -1128.0981155778932
        ],
        "sem": 185.20960309407357
      }
    },
    "shift_pre_adapt": {
      "cairn": {
        "mean_return": -1638.9850961526554,
        "returns": [
          -1063.3593383518878,
          -2139.82134677644,
          -2005.9793817709735,
          -2365.372805603183,
          -1099.7842675408065,
          -1159.593436872641
        ],
        "sem": 221.42591999625924
      },
      "monolithic": {
        "mean_return": -1299.5765515645564,
        "returns": [
          -515.421027052602,
          -2022.4520802600086,
          -1919.475489267212,
          -2275.7938805081444,
          -517.0435187762124,
          -547.2733135231583
        ],
        "sem": 318.54887956849984
      }
    }
  },
  "episodes": 6,
  "goal": [
    -3.1704840660095215,
    -1.6304043531417847,
    1.835937738418579,
    1.3392916917800903,
    -2.861020803451538,
    -1.331558108329773,
    3.273845672607422,
    1.5599795579910278
  ]
}