{
  "conditions": {
    "nominal": {
      "cairn": {
        "mean_return": -1267.6379545858351,
        "returns": [
          -135.5589332452512,
          -219.25324342395186,
          -661.1456511239352,
          -2076.3192729007305,
          -2338.0676364696833,
          -2175.482990351459
        ],
        "sem": 386.31140701115305
      },
      "monolithic": {
        "mean_return": -1277.8715604197857,
        "returns": [
          -136.26903136506203,
          -221.46626913329868,
          -662.0536627009769,
          -2103.23638069773,
          -2357.451507075362,
          -2186.752511546285
        ],
        "sem": 389.845577976679
      }
    },
    "shift_post_adapt": {
      "cairn": {
        "mean_return": -564.9932811670906,
        "returns": [
          -243.12291499822723,
          -217.42079704555073,
          -2225.6628447625944,
          -216.7428643954069,
          -266.27121060643105,
          -220.73905519433325
        ],
        "sem": 303.2808912593507
      }
    },
    "shift_pre_adapt": {
      "cairn": {
        "mean_return": -1268.714640200051,
        "returns": [
          -787.493761186429,
          -760.4766866436,
          -779.9537639595985,
          -835.1744763272063,
          -2604.9045605726697,
          -1844.2845925108031
        ],
        "sem": 290.27802252402523
      },
      "monolithic": {
        "mean_return": -1382.604768047235,
        "returns": [
          -938.0735917816229,
          -912.8400636762352,
          -868.5844489209724,
          -905.7766704282544,
          -2737.274321458312,
          -1933.0795120180137
        ],
        "sem": 290.9763645416317
      }
    }
  },
  "episodes": 6,
  "goal": [
    -1.3202903270721436,
    1.8860005140304565,
    3.385608673095703,
    0.7113741040229797,
    -2.7015628814697266,
    3.175476551055908,
    -2.3961431980133057,
    1.3773245811462402
  ]
}