{
  "regime_counts": [
    1,
    2,
    4,
    6
  ],
  "scores": [
    {
      "f1_A": 0.888888888888889,
      "f1_M": 0.5714285714285715,
      "shd_A": 4,
      "shd_M": 3
    },
    {
      "f1_A": 0.888888888888889,
      "f1_M": 0.5714285714285715,
      "shd_A": 4,
      "shd_M": 3
    },
    {
      "f1_A": 0.8,
      "f1_M": 0.888888888888889,
      "shd_A": 8,
      "shd_M": 1
    },
    {
      "f1_A": 0.8421052631578948,
      "f1_M": 0.888888888888889,
      "shd_A": 6,
      "shd_M": 1
    }
  ]
}