{
  "regime_counts": [
    1,
    2,
    4,
    6
  ],
  "scores": [
    {
      "f1_A": 0.9142857142857143,
      "f1_M": 1.0,
      "shd_A": 3,
      "shd_M": 0
    },
    {
      "f1_A": 0.7272727272727273,
      "f1_M": 1.0,
      "shd_A": 12,
      "shd_M": 0
    },
    {
      "f1_A": 0.6399999999999999,
      "f1_M": 1.0,
      "shd_A": 18,
      "shd_M": 0
    },
    {
      "f1_A": 0.6666666666666666,
      "f1_M": 1.0,
      "shd_A": 16,
      "shd_M": 0
    }
  ]
}