{
  "regime_counts": [
    1,
    2,
    4,
    6
  ],
  "scores": [
    {
      "f1_A": 0.8648648648648648,
      "f1_M": 0.7499999999999999,
      "shd_A": 5,
      "shd_M": 2
    },
    {
      "f1_A": 0.8,
      "f1_M": 0.7499999999999999,
      "shd_A": 8,
      "shd_M": 2
    },
    {
      "f1_A": 0.8648648648648648,
      "f1_M": 0.7499999999999999,
      "shd_A": 5,
      "shd_M": 2
    },
    {
      "f1_A": 0.8108108108108109,
      "f1_M": 0.7499999999999999,
      "shd_A": 7,
      "shd_M": 2
    }
  ]
}